file_id,words,MFA_MAE_ms,WebMAUS_MAE_ms,WebMAUS_minus_MFA_ms
001,211,66.27177725118506,60.71445497630339,-5.55732227488167
011,159,16.92905660377349,57.65544025157258,40.72638364779909
017,186,36.24782258064504,51.55172043010752,15.30389784946248
020,211,44.563483412322554,25.349336492891297,-19.214146919431258
024,222,44.25065315315335,62.10556306306295,17.8549099099096
025,233,40.933669527896924,37.24186695278974,-3.6918025751071823
026,243,42.511893004115834,64.83333333333387,22.321440329218035
031,241,66.29804979253139,114.01869294605856,47.72064315352718
051,251,41.113725099601915,87.73460159362523,46.620876494023314
063,289,27.61339100346002,135.3157612456751,107.70237024221508
067,199,56.76962311557786,132.2994723618088,75.52984924623094
068,246,74.06282520325213,148.51607723577212,74.45325203251998
070,203,84.69123152709327,142.42605911329986,57.73482758620659
072,284,59.24211267605668,106.16584507042255,46.92373239436587
076,243,87.74203703703736,166.91327160493853,79.17123456790117
083,255,63.559843137254774,115.80368627451004,52.24384313725527
