aligner,file_id,word_index,word,word_MAE_ms
MFA,020,57,kimwé,1242.804999999997
MFA,031,221,indangamanota,969.6849999999984
MFA,063,129,kabiri,776.0649999999955
MFA,076,34,bamufasha,715.1800000000002
MFA,001,33,nzanira,629.1049999999991
MFA,067,178,kujya,615.8349999999899
MFA,063,128,ya,543.7299999999965
MFA,067,124,arwaye,539.8950000000013
MFA,072,3,mbere,514.54
MFA,067,190,yemera,477.56499999999846
WebMAUS,051,101,urimo,1559.6400000000017
WebMAUS,070,39,Kayitesi,1378.5600000000002
WebMAUS,076,142,kabiri,1253.610000000002
WebMAUS,076,141,ya,1252.110000000002
WebMAUS,068,135,ya,1230.9000000000055
WebMAUS,068,136,kabiri,1158.770000000004
WebMAUS,011,103,umujinyá,1104.9799999999905
WebMAUS,070,40,we,1104.1399999999992
WebMAUS,063,128,ya,1018.7200000000018
WebMAUS,068,181,arimo,991.7549999999977
